{
  "IcoMoonType": "selection",
  "icons": [
    {
      "icon": {
        "paths": [
          "M846.857 600c34.857 20 46.857 65.143 26.857 100l-36.571 62.857c-20 34.857-65.143 46.857-100 26.857l-152-87.429v175.429c0 40-33.143 73.143-73.143 73.143h-73.143c-40 0-73.143-33.143-73.143-73.143v-175.429l-152 87.429c-34.857 20-80 8-100-26.857l-36.571-62.857c-20-34.857-8-80 26.857-100l152-88-152-88c-34.857-20-46.857-65.143-26.857-100l36.571-62.857c20-34.857 65.143-46.857 100-26.857l152 87.429v-175.429c0-40 33.143-73.143 73.143-73.143h73.143c40 0 73.143 33.143 73.143 73.143v175.429l152-87.429c34.857-20 80-8 100 26.857l36.571 62.857c20 34.857 8 80-26.857 100l-152 88z"
        ],
        "width": 950.8571428571428,
        "attrs": [],
        "isMulticolor": false,
        "isMulticolor2": false,
        "tags": [
          "asterisk"
        ],
        "defaultCode": 61545,
        "grid": 14
      },
      "attrs": [],
      "properties": {
        "name": "asterisk",
        "id": 0,
        "order": 856,
        "prevSize": 28,
        "code": 61545
      },
      "setIdx": 1,
      "setId": 3,
      "iconIdx": 0
    },
    {
      "icon": {
        "paths": [
          "M804.571 420.571v109.714c0 30.286-24.571 54.857-54.857 54.857h-237.714v237.714c0 30.286-24.571 54.857-54.857 54.857h-109.714c-30.286 0-54.857-24.571-54.857-54.857v-237.714h-237.714c-30.286 0-54.857-24.571-54.857-54.857v-109.714c0-30.286 24.571-54.857 54.857-54.857h237.714v-237.714c0-30.286 24.571-54.857 54.857-54.857h109.714c30.286 0 54.857 24.571 54.857 54.857v237.714h237.714c30.286 0 54.857 24.571 54.857 54.857z"
        ],
        "width": 804.5714285714286,
        "attrs": [],
        "isMulticolor": false,
        "isMulticolor2": false,
        "tags": [
          "plus"
        ],
        "defaultCode": 61543,
        "grid": 14
      },
      "attrs": [],
      "properties": {
        "name": "plus",
        "id": 1,
        "order": 857,
        "prevSize": 28,
        "code": 61543
      },
      "setIdx": 1,
      "setId": 3,
      "iconIdx": 1
    },
    {
      "icon": {
        "paths": [
          "M402.286 717.714v137.143c0 12.571-10.286 22.857-22.857 22.857h-137.143c-12.571 0-22.857-10.286-22.857-22.857v-137.143c0-12.571 10.286-22.857 22.857-22.857h137.143c12.571 0 22.857 10.286 22.857 22.857zM582.857 374.857c0 108.571-73.714 150.286-128 180.571-33.714 19.429-54.857 58.857-54.857 75.429v0c0 12.571-9.714 27.429-22.857 27.429h-137.143c-12.571 0-20.571-19.429-20.571-32v-25.714c0-69.143 68.571-128.571 118.857-151.429 44-20 62.286-38.857 62.286-75.429 0-32-41.714-60.571-88-60.571-25.714 0-49.143 8-61.714 16.571-13.714 9.714-27.429 23.429-61.143 65.714-4.571 5.714-11.429 9.143-17.714 9.143-5.143 0-9.714-1.714-14.286-4.571l-93.714-71.429c-9.714-7.429-12-20-5.714-30.286 61.714-102.286 148.571-152 265.143-152 122.286 0 259.429 97.714 259.429 228.571z"
        ],
        "width": 634.88,
        "attrs": [],
        "isMulticolor": false,
        "isMulticolor2": false,
        "tags": [
          "question"
        ],
        "defaultCode": 61736,
        "grid": 14
      },
      "attrs": [],
      "properties": {
        "name": "question",
        "id": 2,
        "order": 858,
        "prevSize": 28,
        "code": 61736
      },
      "setIdx": 1,
      "setId": 3,
      "iconIdx": 2
    },
    {
      "icon": {
        "paths": [
          "M804.571 420.571v109.714c0 30.286-24.571 54.857-54.857 54.857h-694.857c-30.286 0-54.857-24.571-54.857-54.857v-109.714c0-30.286 24.571-54.857 54.857-54.857h694.857c30.286 0 54.857 24.571 54.857 54.857z"
        ],
        "width": 804.5714285714286,
        "attrs": [],
        "isMulticolor": false,
        "isMulticolor2": false,
        "tags": [
          "minus"
        ],
        "defaultCode": 61544,
        "grid": 14
      },
      "attrs": [],
      "properties": {
        "name": "minus",
        "id": 3,
        "order": 859,
        "prevSize": 28,
        "code": 61544
      },
      "setIdx": 1,
      "setId": 3,
      "iconIdx": 3
    },
    {
      "icon": {
        "paths": [
          "M97